prefix,cross
DBZW32_N705_S517_GGACTCCT-GCGTAAGA_L001,cross1
DBZW33_175_N711_S515_S347_L008,cross1
DBZW33_79_N705_S515_S341_L008,cross1
DBMN02B_N701_S501_S431_L004,cross1
DBMN02B_N703_S501_S433_L004,cross1
DBMN02B_N703_S503_S481_L004,cross1
DBMN02B_N704_S502_S458_L004,cross1
DBMN02B_N704_S504_S506_L004,cross1
DBMN02B_N705_S501_S435_L004,cross1
DBMN02B_N706_S502_S460_L004,cross1
DBMN02B_N706_S503_S484_L004,cross1
DBMN02B_N707_S501_S437_L004,cross1
DBMN02B_N708_S502_S462_L004,cross1
DBMN02B_N708_S503_S486_L004,cross1
DBMN02B_N708_S504_S510_L004,cross1
DBMN02B_N709_S501_S439_L004,cross1
DBMN02B_N710_S503_S488_L004,cross1
DBMN02B_N711_S504_S513_L004,cross1
DBMN02B_N712_S501_S442_L004,cross1
DBMN02B_N712_S503_S490_L004,cross1
DBMN02B_N712_S504_S514_L004,cross1
DBMN02B_N717_S515_S783_L004,cross2
DBMN02B_N713_S507_S587_L004,cross2
DBMN02B_N713_S508_S611_L004,cross2
DBMN02B_N714_S507_S588_L004,cross2
DBMN02B_N715_S507_S589_L004,cross2
DBMN02B_N716_S507_S590_L004,cross2
DBMN02B_N716_S516_S806_L004,cross2
DBMN02B_N717_S516_S807_L004,cross2
DBMN02B_N719_S516_S809_L004,cross2
DBMN02B_N720_S515_S786_L004,cross2
DBMN02B_N721_S515_S787_L004,cross2
DBMN02B_N724_S506_S574_L004,cross2
DBMN02B_N724_S507_S598_L004,cross2
DBMN02B_N715_S508_S613_L004,cross2
DBMN02B_N716_S508_S614_L004,cross2
DBMN02B_N716_S513_S734_L004,cross2
DBMN02B_N717_S508_S615_L004,cross2
DBMN02B_N721_S512_S715_L004,cross2
N701_S508,cross2
N702_S503,cross2
DBMN02B_N719_S508_S617_L004,cross2
N702_S504,cross2
N702_S509,cross2
N703_S503,cross2
N703_S504,cross2
N703_S507,cross2
N703_S508,cross2
N704_S502,cross2
N704_S507,cross2
N712_S515,cross2
N713_S511,cross2
N713_S512,cross2
N713_S513,cross2
DBMN02B_N704_S511_S674_L004,cross2
DBMN02B_N704_S513_S722_L004,cross2
DBMN02B_N705_S511_S675_L004,cross2
DBMN02B_N705_S512_S699_L004,cross2
DBMN02B_N706_S510_S652_L004,cross2
DBMN02B_N706_S511_S676_L004,cross2
DBMN02B_N707_S511_S677_L004,cross2
DBMN02B_N709_S511_S679_L004,cross2
DBMN02B_N716_S512_S710_L004,cross2
DBMN02B_N718_S511_S688_L004,cross2
N707_S503,cross2
N714_S516,cross2
N716_S510,cross2
N716_S512,cross2
N716_S513,cross2
N716_S515,cross2
N716_S516,cross2
N716_S517,cross2
N718_S512,cross2
N718_S513,cross2
N718_S514,cross2
N718_S515,cross2
N718_S516,cross2
N718_S517,cross2
N719_S510,cross2
N719_S511,cross2
N719_S512,cross2
N719_S513,cross2
N709_S508,cross2
N709_S509,cross2
N710_S505,cross2
N710_S508,cross2
N710_S509,cross2
N711_S502,cross2
N712_S504,cross2
N713_S503,cross2
N713_S505,cross2
N713_S506,cross2
N713_S507,cross2
N713_S508,cross2
N714_S503,cross2
N714_S504,cross2
N714_S506,cross2
N714_S508,cross3
N714_S509,cross3
N716_S502,cross3
N716_S503,cross3
N716_S504,cross3
N716_S505,cross3
N716_S506,cross3
N716_S507,cross3
N716_S508,cross3
N716_S509,cross3
N717_S502,cross3
N717_S503,cross3
N717_S504,cross3
N717_S505,cross3
N717_S506,cross3
N717_S507,cross3
N717_S508,cross3
N717_S509,cross3
N718_S502,cross3
N718_S503,cross3
N718_S504,cross3
N718_S505,cross3
N718_S506,cross3
N718_S507,cross3
N718_S508,cross3
N723_S503,cross3
N723_S504,cross3
N723_S505,cross3
N723_S506,cross3
N723_S507,cross3
N723_S508,cross3
N723_S509,cross3
N724_S502,cross3
N724_S503,cross3
N724_S504,cross3
N724_S505,cross3
N719_S503,cross3
N719_S504,cross3
N719_S505,cross3
N719_S506,cross3
N719_S507,cross3
N719_S508,cross3
N719_S509,cross3
N720_S502,cross3
N720_S503,cross3
N720_S504,cross3
N720_S505,cross3
N720_S506,cross3
N721_S509,cross3
N722_S502,cross3
N722_S503,cross3
N722_S504,cross3
N722_S505,cross3
N722_S506,cross3
N722_S507,cross3
N722_S508,cross3
N722_S509,cross3
N723_S502,cross3
N720_S507,cross3
N720_S508,cross3
N720_S509,cross3
N721_S502,cross3
N721_S503,cross3
N721_S504,cross3
N721_S505,cross3
N721_S506,cross3
N721_S507,cross3
N721_S508,cross3
N711_S511,cross3
N712_S510,cross3
N712_S511,cross3
N709_S516,cross3
N709_S517,cross3
N710_S510,cross3
N710_S511,cross3
N710_S512,cross3
N710_S513,cross3
N710_S514,cross3
N710_S515,cross3
N710_S516,cross3
N710_S517,cross3
N702_S511,cross3
N702_S512,cross3
N702_S513,cross3
N702_S515,cross3
N702_S516,cross3
N702_S517,cross3
N703_S510,cross3
N703_S511,cross3
N703_S512,cross3
N703_S514,cross3
N703_S517,cross3
N704_S515,cross3
N704_S516,cross3
N704_S517,cross3
N705_S512,cross3
N705_S513,cross3
N705_S514,cross3
N705_S515,cross3
N705_S516,cross3
N705_S517,cross3
N706_S515,cross3
N706_S516,cross3
N724_S507,cross3
N724_S508,cross3
N724_S509,cross3
N725_S504,cross3
N725_S509,cross3
N725_S512,cross3
N725_S513,cross3
N725_S514,cross3
N725_S515,cross3
N725_S516,cross3
DBMN01_142_S142_L005,parental
DBMN03_N710_S504_S82_L008,parental
DBMN03_N710_S512_S274_L008,parental
DBMN03_N723_S502_S47_L008,parental
DBMN03_N723_S510_S239_L008,parental
DBZW33_159_N710_S515_S346_L008,cross1
DBZW33_95_N706_S515_S342_L008,cross1
DBMN02B_N701_S502_S455_L004,cross1
DBMN02B_N701_S503_S479_L004,cross1
DBMN02B_N701_S504_S503_L004,cross1
DBMN02B_N703_S502_S457_L004,cross1
DBMN02B_N703_S504_S505_L004,cross1
DBMN02B_N704_S501_S434_L004,cross1
DBMN02B_N705_S502_S459_L004,cross1
DBMN02B_N705_S503_S483_L004,cross1
DBMN02B_N707_S502_S461_L004,cross1
DBMN02B_N707_S503_S485_L004,cross1
DBMN02B_N709_S503_S487_L004,cross1
DBMN02B_N710_S501_S440_L004,cross1
DBMN02B_N711_S503_S489_L004,cross1
DBZW33_100_N707_S504_S79_L008,cross1
DBZW33_114_N708_S502_S32_L008,cross1
DBZW33_115_N708_S503_S56_L008,cross1
DBZW33_130_N709_S502_S33_L008,cross1
DBZW33_131_N709_S503_S57_L008,cross1
DBZW33_147_N710_S503_S58_L008,cross1
DBZW33_148_N710_S504_S82_L008,cross1
DBZW33_163_N711_S503_S59_L008,cross1
DBZW33_164_N711_S504_S83_L008,cross1
DBZW33_2_N701_S502_S25_L008,cross1
DBZW33_3_N701_S503_S49_L008,cross1
DBZW33_34_N703_S502_S27_L008,cross1
DBZW33_35_N703_S503_S51_L008,cross1
DBZW33_36_N703_S504_S75_L008,cross1
DBZW33_5_N701_S505_S97_L008,cross1
DBZW33_50_N704_S502_S28_L008,cross1
DBZW33_51_N704_S503_S52_L008,cross1
DBZW33_66_N705_S502_S29_L008,cross1
DBZW33_67_N705_S503_S53_L008,cross1
DBZW33_68_N705_S504_S77_L008,cross1
DBZW33_82_N706_S502_S30_L008,cross1
DBZW33_83_N706_S503_S54_L008,cross1
DBZW33_84_N706_S504_S78_L008,cross1
DBZW33_98_N707_S502_S31_L008,cross1
DBZW33_99_N707_S503_S55_L008,cross1
DBMN02B_N718_S516_S808_L004,cross2
N702_S505,cross2
N702_S506,cross2
N702_S507,cross2
N702_S508,cross2
N703_S505,cross2
N704_S503,cross2
N704_S504,cross2
N704_S505,cross2
N704_S506,cross2
N712_S514,cross2
N713_S514,cross2
N713_S515,cross2
N713_S516,cross2
N714_S510,cross2
N714_S511,cross2
N714_S512,cross2
N714_S514,cross2
N714_S515,cross2
N705_S504,cross2
N705_S506,cross2
N705_S507,cross2
N705_S508,cross2
N705_S509,cross2
N706_S504,cross2
N706_S505,cross2
N706_S507,cross2
N707_S502,cross2
N716_S511,cross2
N716_S514,cross2
N717_S511,cross2
N717_S512,cross2
N717_S513,cross2
N717_S515,cross2
N717_S516,cross2
N717_S517,cross2
N718_S510,cross2
N718_S511,cross2
N719_S514,cross2
N719_S515,cross2
N719_S516,cross2
N719_S517,cross2
N720_S511,cross2
N720_S512,cross2
N720_S513,cross2
N720_S514,cross2
N707_S504,cross2
N707_S505,cross2
N708_S505,cross2
N710_S502,cross2
N710_S503,cross2
N710_S504,cross2
N710_S506,cross2
N710_S507,cross2
N711_S504,cross2
N711_S506,cross2
N711_S507,cross2
N711_S508,cross2
N713_S502,cross2
N713_S504,cross2
N713_S509,cross2
N714_S502,cross2
N714_S505,cross2
N714_S507,cross2
N720_S516,cross2
N720_S517,cross2
DBKCL_N701-S501_S11_L002,cross3
DBKCL_N701-S502_S12_L002,cross3
DBKCL_N702-S501_S27_L002,cross3
DBKCL_N702-S502_S28_L002,cross3
DBKCL_N703-S501_S43_L002,cross3
DBKCL_N703-S502_S44_L002,cross3
DBKCL_N704-S501_S59_L002,cross3
DBKCL_N704-S502_S60_L002,cross3
DBKCL_N705-S501_S75_L002,cross3
DBKCL_N705-S502_S76_L002,cross3
DBKCL_N706-S501_S91_L002,cross3
DBKCL_N706-S502_S92_L002,cross3
DBKCL_N707-S502_S108_L002,cross3
DBKCL_N708-S502_S124_L002,cross3
DBKCL_N710-S501_S155_L002,cross3
DBKCL_N711-S501_S171_L002,cross3
DBKCL_N712-S501_S187_L002,cross3
DBKCL_N701-S504_S14_L002,cross3
DBKCL_N709-S502_S140_L002,cross3
DBKCL_N710-S502_S156_L002,cross3
DBKCL_N711-S502_S172_L002,cross3
DBKCL_N712-S502_S188_L002,cross3
DBKCL_N701-S505_S15_L002,cross3
DBKCL_N702-S504_S30_L002,cross3
DBKCL_N702-S505_S31_L002,cross3
DBKCL_N703-S504_S46_L002,cross3
DBKCL_N703-S505_S47_L002,cross3
DBKCL_N704-S504_S62_L002,cross3
DBKCL_N704-S505_S63_L002,cross3
DBKCL_N705-S504_S78_L002,cross3
DBKCL_N705-S505_S79_L002,cross3
DBKCL_N706-S504_S94_L002,cross3
DBKCL_N706-S505_S95_L002,cross3
DBKCL_N707-S504_S110_L002,cross3
DBKCL_N707-S505_S111_L002,cross3
DBKCL_N708-S504_S126_L002,cross3
DBKCL_N709-S504_S142_L002,cross3
DBKCL_N710-S504_S158_L002,cross3
DBKCL_N711-S504_S174_L002,cross3
DBKCL_N712-S504_S190_L002,cross3
DBKCL_N708-S505_S127_L002,cross3
DBKCL_N709-S505_S143_L002,cross3
DBKCL_N710-S505_S159_L002,cross3
DBKCL_N711-S505_S175_L002,cross3
DBKCL_N712-S505_S191_L002,cross3
DBKCL_N701-S506_S16_L002,cross3
DBKCL_N702-S506_S32_L002,cross3
DBKCL_N703-S506_S48_L002,cross3
DBKCL_N704-S506_S64_L002,cross3
DBKCL_N705-S506_S80_L002,cross3
DBKCL_N706-S506_S96_L002,cross3
DBKCL_N707-S506_S112_L002,cross3
DBKCL_N708-S506_S128_L002,cross3
DBKCL_N709-S506_S144_L002,cross3
DBKCL_N710-S506_S160_L002,cross3
N718_S509,cross3
DBKCL_N701-S507_S17_L002,cross3
DBKCL_N702-S507_S33_L002,cross3
DBKCL_N703-S507_S49_L002,cross3
DBKCL_N711-S506_S176_L002,cross3
DBKCL_N712-S506_S192_L002,cross3
DBKCL_N701-S508_S18_L002,cross3
DBKCL_N702-S508_S34_L002,cross3
DBKCL_N703-S508_S50_L002,cross3
DBKCL_N704-S507_S65_L002,cross3
DBKCL_N704-S508_S66_L002,cross3
DBKCL_N705-S507_S81_L002,cross3
DBKCL_N705-S508_S82_L002,cross3
DBKCL_N706-S507_S97_L002,cross3
DBKCL_N706-S508_S98_L002,cross3
DBKCL_N707-S507_S113_L002,cross3
DBKCL_N707-S508_S114_L002,cross3
DBKCL_N708-S507_S129_L002,cross3
DBKCL_N709-S507_S145_L002,cross3
DBKCL_N710-S507_S161_L002,cross3
DBKCL_N711-S507_S177_L002,cross3
DBKCL_N712-S507_S193_L002,cross3
DBKCL_N701-S509_S19_L002,cross3
DBKCL_N702-S509_S35_L002,cross3
DBKCL_N703-S509_S51_L002,cross3
DBKCL_N704-S509_S67_L002,cross3
DBKCL_N706-S509_S99_L002,cross3
DBKCL_N707-S509_S115_L002,cross3
DBKCL_N708-S508_S130_L002,cross3
DBKCL_N708-S509_S131_L002,cross3
DBKCL_N709-S508_S146_L002,cross3
DBKCL_N709-S509_S147_L002,cross3
DBKCL_N710-S508_S162_L002,cross3
DBKCL_N710-S509_S163_L002,cross3
DBKCL_N711-S508_S178_L002,cross3
DBKCL_N711-S509_S179_L002,cross3
DBKCL_N712-S508_S194_L002,cross3
N711_S510,cross3
N711_S512,cross3
N711_S513,cross3
N711_S514,cross3
N711_S515,cross3
N711_S516,cross3
N711_S517,cross3
N702_S514,cross3
N703_S513,cross3
N703_S515,cross3
N703_S516,cross3
N704_S510,cross3
N704_S511,cross3
N704_S512,cross3
N704_S513,cross3
N704_S514,cross3
N705_S510,cross3
N706_S510,cross3
N706_S511,cross3
N706_S512,cross3
N706_S514,cross3
N706_S517,cross3
N707_S510,cross3
N707_S511,cross3
N701_S511,cross3
N701_S512,cross3
N701_S514,cross3
N725_S517,cross3
DBZW32_N701_S517_TAAGGCGA-GCGTAAGA_L001,parental
DBMN01_375_S375_L005,parental
DBMN03_N703_S505_S99_L008,parental
DBMN03_N703_S513_S291_L008,parental
DBMN03_N714_S507_S158_L008,parental
DBMN01_192_S192_L005,paretnal